date,total_cases,total_deaths,total_vaccinations
1/1/2020,0,0,NULL
1/2/2020,0,0,NULL
1/3/2020,0,0,NULL
1/4/2020,0,0,NULL
1/5/2020,0,0,NULL
1/6/2020,0,0,NULL
1/7/2020,0,0,NULL
1/8/2020,0,0,NULL
1/9/2020,0,0,NULL
1/10/2020,0,0,NULL
1/11/2020,0,0,NULL
1/12/2020,0,0,NULL
1/13/2020,0,0,NULL
1/14/2020,0,0,NULL
1/15/2020,0,0,NULL
1/16/2020,0,0,NULL
1/17/2020,0,0,NULL
1/18/2020,0,0,NULL
1/19/2020,0,0,NULL
1/20/2020,0,0,NULL
1/21/2020,0,0,NULL
1/22/2020,0,0,NULL
1/23/2020,100,1,NULL
1/24/2020,287,8,NULL
1/25/2020,493,16,NULL
1/26/2020,683,14,NULL
1/27/2020,809,26,NULL
1/28/2020,2651,49,NULL
1/29/2020,589,2,NULL
1/30/2020,2068,39,NULL
1/31/2020,1690,42,NULL
2/1/2020,2111,46,NULL
2/2/2020,4749,104,NULL
2/3/2020,3100,64,NULL
2/4/2020,4012,66,NULL
2/5/2020,3745,72,NULL
2/6/2020,3162,70,NULL
2/7/2020,3533,85,NULL
2/8/2020,2731,87,NULL
2/9/2020,3028,100,NULL
2/10/2020,2538,107,NULL
2/11/2020,2043,100,NULL
2/12/2020,378,5,NULL
2/13/2020,15152,253,NULL
2/14/2020,6485,152,NULL
2/15/2020,2076,143,NULL
2/16/2020,2113,104,NULL
2/17/2020,1936,98,NULL
2/18/2020,1794,140,NULL
2/19/2020,421,115,NULL
2/20/2020,548,123,NULL
2/21/2020,630,4,NULL
2/22/2020,1762,208,NULL
2/23/2020,325,10,NULL
2/24/2020,568,160,NULL
2/25/2020,854,80,NULL
2/26/2020,959,60,NULL
2/27/2020,1344,43,NULL
2/28/2020,1424,57,NULL
2/29/2020,1871,70,NULL
3/1/2020,2379,54,NULL
3/2/2020,1980,90,NULL
3/3/2020,2611,74,NULL
3/4/2020,2322,96,NULL
3/5/2020,2711,95,NULL
3/6/2020,3930,114,NULL
3/7/2020,4131,104,NULL
3/8/2020,3854,242,NULL
3/9/2020,4323,194,NULL
3/10/2020,4786,275,NULL
3/11/2020,7504,351,NULL
3/12/2020,6756,321,NULL
3/13/2020,13194,503,NULL
3/14/2020,10888,426,NULL
3/15/2020,11233,666,NULL
3/16/2020,14567,715,NULL
3/17/2020,15174,851,NULL
3/18/2020,17554,954,NULL
3/19/2020,27087,1144,NULL
3/20/2020,29532,1575,NULL
3/21/2020,32433,1808,NULL
3/22/2020,34178,1830,NULL
3/23/2020,42551,2096,NULL
3/24/2020,41888,2424,NULL
3/25/2020,51480,2971,NULL
3/26/2020,60810,3256,NULL
3/27/2020,63913,3638,NULL
3/28/2020,69562,4049,NULL
3/29/2020,56503,3819,NULL
3/30/2020,65003,4368,NULL
3/31/2020,78439,5168,NULL
4/1/2020,86317,6641,NULL
4/2/2020,82414,6242,NULL
4/3/2020,84194,6500,NULL
4/4/2020,77156,6591,NULL
4/5/2020,71696,5920,NULL
4/6/2020,74670,6427,NULL
4/7/2020,72426,8516,NULL
4/8/2020,82153,7219,NULL
4/9/2020,87161,8153,NULL
4/10/2020,86421,7740,NULL
4/11/2020,75484,6982,NULL
4/12/2020,118581,6514,NULL
4/13/2020,71824,6512,NULL
4/14/2020,84603,7357,NULL
4/15/2020,78259,8765,NULL
4/16/2020,94454,7708,NULL
4/17/2020,87863,7591,NULL
4/18/2020,78220,6428,NULL
4/19/2020,76315,6099,NULL
4/20/2020,76481,6511,NULL
4/21/2020,76077,7197,NULL
4/22/2020,82014,7275,NULL
4/23/2020,84390,7272,NULL
4/24/2020,93602,6835,NULL
4/25/2020,83149,6048,NULL
4/26/2020,70762,4818,NULL
4/27/2020,71026,5445,NULL
4/28/2020,75753,6627,NULL
4/29/2020,78771,6980,NULL
4/30/2020,83699,6254,NULL
5/1/2020,88964,5594,NULL
5/2/2020,78390,6013,NULL
5/3/2020,74022,4277,NULL
5/4/2020,77611,4843,NULL
5/5/2020,79655,6147,NULL
5/6/2020,90438,6763,NULL
5/7/2020,90136,5869,NULL
5/8/2020,91893,5953,NULL
5/9/2020,84241,4917,NULL
5/10/2020,75213,4338,NULL
5/11/2020,76234,4079,NULL
5/12/2020,85403,5738,NULL
5/13/2020,84416,5437,NULL
5/14/2020,95643,5751,NULL
5/15/2020,96330,5756,NULL
5/16/2020,93907,4541,NULL
5/17/2020,78347,3878,NULL
5/18/2020,89139,4396,NULL
5/19/2020,95813,5186,NULL
5/20/2020,105421,5406,NULL
5/21/2020,106058,5035,NULL
5/22/2020,107248,5705,NULL
5/23/2020,104107,4453,NULL
5/24/2020,93646,3483,NULL
5/25/2020,88583,3614,NULL
5/26/2020,92358,4779,NULL
5/27/2020,102551,5220,NULL
5/28/2020,119993,4992,NULL
5/29/2020,121475,5156,NULL
5/30/2020,135040,4361,NULL
5/31/2020,102859,3289,NULL
6/1/2020,100280,3744,NULL
6/2/2020,123392,5264,NULL
6/3/2020,114479,5620,NULL
6/4/2020,138326,5527,NULL
6/5/2020,133562,5057,NULL
6/6/2020,129331,4140,NULL
6/7/2020,111011,3257,NULL
6/8/2020,103051,4455,NULL
6/9/2020,125995,5045,NULL
6/10/2020,137190,5428,NULL
6/11/2020,136192,5142,NULL
6/12/2020,127473,4744,NULL
6/13/2020,133901,4393,NULL
6/14/2020,131945,3781,NULL
6/15/2020,124922,4067,NULL
6/16/2020,143910,7119,NULL
6/17/2020,143202,5477,NULL
6/18/2020,143096,5355,NULL
6/19/2020,181132,5182,NULL
6/20/2020,185879,4482,NULL
6/21/2020,112857,4644,NULL
6/22/2020,142336,3867,NULL
6/23/2020,168184,5568,NULL
6/24/2020,171466,5529,NULL
6/25/2020,179510,5110,NULL
6/26/2020,192473,5083,NULL
6/27/2020,176397,4736,NULL
6/28/2020,168862,3619,NULL
6/29/2020,152714,4074,NULL
6/30/2020,183754,5250,NULL
7/1/2020,215131,5341,NULL
7/2/2020,204961,5507,NULL
7/3/2020,202626,5243,NULL
7/4/2020,189705,4795,NULL
7/5/2020,186215,3838,NULL
7/6/2020,168279,4279,NULL
7/7/2020,209581,6360,NULL
7/8/2020,215262,5632,NULL
7/9/2020,224571,5846,NULL
7/10/2020,233100,5747,NULL
7/11/2020,212799,5129,NULL
7/12/2020,192928,4314,NULL
7/13/2020,194478,4427,NULL
7/14/2020,221002,5978,NULL
7/15/2020,229776,5926,NULL
7/16/2020,244897,6172,NULL
7/17/2020,237438,5963,NULL
7/18/2020,235321,6533,NULL
7/19/2020,211887,4913,NULL
7/20/2020,208171,3944,NULL
7/21/2020,243121,6373,NULL
7/22/2020,275355,7400,NULL
7/23/2020,279642,6657,NULL
7/24/2020,283501,6442,NULL
7/25/2020,249547,6084,NULL
7/26/2020,211799,4385,NULL
7/27/2020,234394,5321,NULL
7/28/2020,263876,6935,NULL
7/29/2020,270238,6649,NULL
7/30/2020,281763,6775,NULL
7/31/2020,287454,6587,NULL
8/1/2020,246248,6012,NULL
8/2/2020,230603,4689,NULL
8/3/2020,206073,4830,NULL
8/4/2020,265315,7177,NULL
8/5/2020,275152,7404,NULL
8/6/2020,286718,6834,NULL
8/7/2020,282432,6754,NULL
8/8/2020,265229,6040,NULL
8/9/2020,232995,5194,NULL
8/10/2020,233220,5378,NULL
8/11/2020,265561,6615,NULL
8/12/2020,275076,6952,NULL
8/13/2020,290116,6793,NULL
8/14/2020,307084,6586,NULL
8/15/2020,249015,6032,NULL
8/16/2020,210077,4804,NULL
8/17/2020,212885,4642,NULL
8/18/2020,259417,7056,NULL
8/19/2020,277467,6407,NULL
8/20/2020,271470,6447,NULL
8/21/2020,261959,6195,NULL
8/22/2020,263526,5782,NULL
8/23/2020,202748,4334,NULL
8/24/2020,228200,4837,NULL
8/25/2020,245200,6567,NULL
8/26/2020,281681,6669,NULL
8/27/2020,287253,6215,NULL
8/28/2020,285278,5820,NULL
8/29/2020,260710,5787,NULL
8/30/2020,219727,4274,NULL
8/31/2020,264310,4430,NULL
9/1/2020,266881,6615,NULL
9/2/2020,281888,6302,NULL
9/3/2020,285413,6099,NULL
9/4/2020,301722,5862,NULL
9/5/2020,273692,5095,NULL
9/6/2020,228988,4135,NULL
9/7/2020,225236,5771,NULL
9/8/2020,246502,5123,NULL
9/9/2020,285293,6265,NULL
9/10/2020,304397,6035,NULL
9/11/2020,316356,6000,NULL
9/12/2020,288688,5057,NULL
9/13/2020,248823,3965,NULL
9/14/2020,267152,4604,NULL
9/15/2020,280530,6564,NULL
9/16/2020,304954,5869,NULL
9/17/2020,315568,5651,NULL
9/18/2020,326625,5855,NULL
9/19/2020,293081,5273,NULL
9/20/2020,255105,3988,NULL
9/21/2020,259929,4429,NULL
9/22/2020,284298,6151,NULL
9/23/2020,311639,6550,NULL
9/24/2020,320899,5660,NULL
9/25/2020,330005,6019,NULL
9/26/2020,285665,5431,NULL
9/27/2020,247064,3883,NULL
9/28/2020,262754,4120,NULL
9/29/2020,282774,6062,NULL
9/30/2020,324526,6426,NULL
10/1/2020,319101,8893,NULL
10/2/2020,329474,5685,NULL
10/3/2020,297289,4781,NULL
10/4/2020,260492,4025,NULL
10/5/2020,311370,4303,NULL
10/6/2020,316053,5860,NULL
10/7/2020,349240,5928,NULL
10/8/2020,359291,6385,NULL
10/9/2020,360384,6192,NULL
10/10/2020,355443,4904,NULL
10/11/2020,289426,4195,NULL
10/12/2020,290034,4131,NULL
10/13/2020,319364,5335,NULL
10/14/2020,380683,6167,NULL
10/15/2020,406931,6210,NULL
10/16/2020,410481,6220,NULL
10/17/2020,372034,5727,NULL
10/18/2020,331183,3981,NULL
10/19/2020,374958,4843,NULL
10/20/2020,388787,6628,NULL
10/21/2020,439485,6909,NULL
10/22/2020,482019,5958,NULL
10/23/2020,493822,7107,NULL
10/24/2020,456218,5918,NULL
10/25/2020,358779,4386,NULL
10/26/2020,483110,5837,NULL
10/27/2020,468402,7411,NULL
10/28/2020,521659,7183,NULL
10/29/2020,551378,7238,NULL
10/30/2020,571718,7774,NULL
10/31/2020,472025,6647,NULL
11/1/2020,439104,5356,NULL
11/2/2020,548423,6326,NULL
11/3/2020,565414,9575,NULL
11/4/2020,538606,9965,NULL
11/5/2020,619273,8717,NULL
11/6/2020,623037,9192,NULL
11/7/2020,599024,7786,NULL
11/8/2020,490822,6401,NULL
11/9/2020,509865,7581,NULL
11/10/2020,570896,9751,NULL
11/11/2020,624628,10416,NULL
11/12/2020,640120,9718,NULL
11/13/2020,660961,9932,NULL
11/14/2020,586676,9138,NULL
11/15/2020,490154,6959,NULL
11/16/2020,525845,8057,NULL
11/17/2020,602076,10974,NULL
11/18/2020,622204,11472,NULL
11/19/2020,653855,11142,NULL
11/20/2020,674148,11752,NULL
11/21/2020,592327,9304,NULL
11/22/2020,498012,7669,NULL
11/23/2020,534320,8729,NULL
11/24/2020,590626,12522,NULL
11/25/2020,617099,12024,NULL
11/26/2020,589026,10935,NULL
11/27/2020,695347,11521,NULL
11/28/2020,607340,9515,NULL
11/29/2020,495524,7657,NULL
11/30/2020,506727,9048,NULL
12/1/2020,614738,12450,NULL
12/2/2020,640265,12390,NULL
12/3/2020,690558,12709,NULL
12/4/2020,696404,12470,NULL
12/5/2020,642084,10601,NULL
12/6/2020,543831,8093,NULL
12/7/2020,535116,8844,NULL
12/8/2020,630408,12038,NULL
12/9/2020,665358,12557,1
12/10/2020,672060,12420,1
12/11/2020,705734,13185,4
12/12/2020,648474,10829,1
12/13/2020,538701,8257,NULL
12/14/2020,551207,9193,4768
12/15/2020,648501,13226,48448
12/16/2020,717605,13924,162162
12/17/2020,738532,13171,279197
12/18/2020,721410,13039,424378
12/19/2020,635242,11256,185070
12/20/2020,547173,8374,115250
12/21/2020,546375,9486,419454
12/22/2020,651296,13876,501478
12/23/2020,682087,13747,649526
12/24/2020,693271,12205,292771
12/25/2020,518682,9030,59566
12/26/2020,507054,7941,180598
12/27/2020,413133,8118,212680
12/28/2020,499319,9556,775259
12/29/2020,671662,14973,987951
12/30/2020,725307,15418,1168554
12/31/2020,839570,13495,708355
1/1/2021,586637,10158,251878
1/2/2021,581252,8836,447743
1/3/2021,520260,7965,365217
1/4/2021,557630,9950,1044807
1/5/2021,740796,15415,1309996
1/6/2021,791046,14922,1425874
1/7/2021,869883,14964,1661890
1/8/2021,835517,15213,1833003
1/9/2021,756094,13355,900088
1/10/2021,601501,9555,527645
1/11/2021,614600,10284,1914129
1/12/2021,692365,16986,2405965
1/13/2021,743300,16483,2849723
1/14/2021,759073,15714,3257005
1/15/2021,783883,15719,3167128
1/16/2021,656789,14033,2001389
1/17/2021,527569,9835,1138198
1/18/2021,517228,10446,2368007
1/19/2021,592754,15709,3347946
1/20/2021,687207,17733,3670878
1/21/2021,668784,17333,3964420
1/22/2021,663567,16069,4179610
1/23/2021,576615,14564,2762025
1/24/2021,461947,9758,1440072
1/25/2021,481598,11142,3481692
1/26/2021,561250,17414,3814833
1/27/2021,600990,16920,4373270
1/28/2021,615082,16567,4979101
1/29/2021,588969,15731,5038381
1/30/2021,514783,13323,3334410
1/31/2021,396545,9547,1829673
2/1/2021,443031,10249,3623718
2/2/2021,465487,14852,4127080
2/3/2021,525270,15866,5251053
2/4/2021,471736,12928,5809273
2/5/2021,536493,17185,5470516
2/6/2021,435142,11857,3704483
2/7/2021,351520,7767,1546351
2/8/2021,339948,9648,4054604
2/9/2021,407212,14737,4866260
2/10/2021,440456,13859,5823874
2/11/2021,443769,13874,5892370
2/12/2021,429589,12884,6639656
2/13/2021,380454,10684,3885423
2/14/2021,308632,7105,1844937
2/15/2021,280874,7818,3792423
2/16/2021,359770,11098,5371676
2/17/2021,386361,11353,6264090
2/18/2021,410794,11990,6831150
2/19/2021,409656,11653,5874860
2/20/2021,375161,9110,3660710
2/21/2021,319553,6790,1847418
2/22/2021,295585,7252,3997410
2/23/2021,392729,11481,5554783
2/24/2021,444964,12445,6756016
2/25/2021,452980,10907,7727230
2/26/2021,441959,10557,7363545
2/27/2021,396713,8731,5089887
2/28/2021,307779,6498,2178986
3/1/2021,305532,7607,5163229
3/2/2021,387601,10249,6726953
3/3/2021,441859,11505,8286659
3/4/2021,458447,10462,9508343
3/5/2021,449116,10483,9146471
3/6/2021,414011,8321,6637379
3/7/2021,374439,6080,2453444
3/8/2021,305520,7190,7364096
3/9/2021,414038,10495,8311306
3/10/2021,458864,10155,9453727
3/11/2021,489685,10214,9116095
3/12/2021,489257,9860,10565499
3/13/2021,455604,8609,7818177
3/14/2021,365072,5920,3123750
3/15/2021,354110,7563,9545942
3/16/2021,467030,10621,10103579
3/17/2021,545719,10590,10835177
3/18/2021,547931,10720,10917997
3/19/2021,562541,10819,11927613
3/20/2021,498430,8786,9135987
3/21/2021,440464,8555,4295502
3/22/2021,423403,7967,9746258
3/23/2021,505874,11456,12977228
3/24/2021,631709,10673,15255546
3/25/2021,652192,11554,18025007
3/26/2021,640037,12773,19434062
3/27/2021,584525,10211,14087071
3/28/2021,492654,7284,8358748
3/29/2021,459305,8665,12356801
3/30/2021,562206,11908,15587414
3/31/2021,673904,12928,19053305
4/1/2021,709823,12303,22350282
4/2/2021,644802,10647,19177659
4/3/2021,540337,9340,12105990
4/4/2021,559922,7429,9310137
4/5/2021,497016,8254,14177973
4/6/2021,607487,12457,17298440
4/7/2021,663157,15362,19214091
4/8/2021,836055,14305,23774578
4/9/2021,752184,14346,22325884
4/10/2021,670625,13008,15136589
4/11/2021,709606,9122,10321748
4/12/2021,613873,9905,17678090
4/13/2021,763801,13796,17489403
4/14/2021,811333,14094,18260553
4/15/2021,821221,13658,18399952
4/16/2021,859871,13379,18087707
4/17/2021,794011,12615,12796058
4/18/2021,700107,9136,7896525
4/19/2021,690967,11134,14497600
4/20/2021,839472,14294,14582261
4/21/2021,889263,14755,16870929
4/22/2021,899372,13923,22379940
4/23/2021,907690,15260,17578841
4/24/2021,824210,13132,12044849
4/25/2021,728479,10773,8641503
4/26/2021,689071,11633,17303835
4/27/2021,839085,15001,20345702
4/28/2021,898824,15946,23903806
4/29/2021,894038,15740,25053869
4/30/2021,891379,14423,25747762
5/1/2021,794898,13040,13289350
5/2/2021,687269,10326,9485588
5/3/2021,690456,11685,14511350
5/4/2021,784947,14092,17299941
5/5/2021,842022,14905,20216573
5/6/2021,872831,14576,24541986
5/7/2021,834839,14469,25233335
5/8/2021,788289,13329,19456704
5/9/2021,649405,10474,11577535
5/10/2021,625660,11092,20055916
5/11/2021,725811,14171,23561664
5/12/2021,767500,14140,26395007
5/13/2021,734689,13440,25388173
5/14/2021,709584,13028,25973362
5/15/2021,631598,12284,22661002
5/16/2021,546621,10302,19477287
5/17/2021,543541,11330,25992216
5/18/2021,621992,14077,27631827
5/19/2021,672071,13457,27692342
5/20/2021,631140,13179,32393052
5/21/2021,626486,12978,30481147
5/22/2021,572349,11445,23757521
5/23/2021,481618,9862,20396701
5/24/2021,451089,9150,28027617
5/25/2021,533397,12983,32901352
5/26/2021,568449,12806,36187602
5/27/2021,546886,12940,32960618
5/28/2021,505519,12021,32622621
5/29/2021,480424,10808,30228642
5/30/2021,389945,8400,25096056
5/31/2021,387054,8696,33059613
6/1/2021,460000,10942,36875592
6/2/2021,487623,11921,40751505
6/3/2021,480510,10164,35383621
6/4/2021,424915,10660,39541559
6/5/2021,396650,9411,30579950
6/6/2021,322980,7306,23143009
6/7/2021,321767,8079,30727289
6/8/2021,370106,10655,33450258
6/9/2021,418294,10183,35234208
6/10/2021,453498,8607,39126608
6/11/2021,422041,11740,36364562
6/12/2021,368374,9809,28146860
6/13/2021,302796,9271,24401574
6/14/2021,309290,7996,27371532
6/15/2021,374759,10751,38123799
6/16/2021,389166,10082,41093366
6/17/2021,395991,9300,44745906
6/18/2021,403501,9194,43137463
6/19/2021,348399,8180,35783820
6/20/2021,303650,6768,29862254
6/21/2021,296652,6983,41482995
6/22/2021,410209,8988,43469652
6/23/2021,396620,9346,42856451
6/24/2021,409233,8659,47291426
6/25/2021,417656,9234,44439241
6/26/2021,362880,7543,40166083
6/27/2021,311207,6094,32039631
6/28/2021,332999,6561,37547714
6/29/2021,381185,8160,40962177
6/30/2021,399458,9208,38005959
7/1/2021,435484,8541,41086501
7/2/2021,442294,8373,34828317
7/3/2021,374413,6917,31673930
7/4/2021,328214,6648,20732826
7/5/2021,376637,7369,30071990
7/6/2021,450449,8484,32585531
7/7/2021,465176,8555,31143894
7/8/2021,481763,8920,39188838
7/9/2021,513109,8414,26673298
7/10/2021,421867,7289,19392815
7/11/2021,370471,7639,18502956
7/12/2021,432330,8104,26801546
7/13/2021,525502,8383,33674017
7/14/2021,537778,8597,35455219
7/15/2021,576218,8636,34230227
7/16/2021,595656,8761,32094247
7/17/2021,490238,7532,26696993
7/18/2021,421056,6605,16632828
7/19/2021,486346,7201,23170184
7/20/2021,532138,11916,29499112
7/21/2021,555818,8666,30722865
7/22/2021,564932,8780,37081895
7/23/2021,727932,8331,37339023
7/24/2021,492981,8692,29988580
7/25/2021,446824,7384,22696225
7/26/2021,537175,8474,37391566
7/27/2021,606148,9791,40490321
7/28/2021,649942,10125,41252002
7/29/2021,642749,10265,43717005
7/30/2021,732265,9604,42401758
7/31/2021,519553,8864,30189804
8/1/2021,485051,7418,26329920
8/2/2021,566561,8100,32839400
8/3/2021,634110,10352,39309570
8/4/2021,680485,10494,39394637
8/5/2021,685511,10991,38405104
8/6/2021,819378,10476,38426090
8/7/2021,564368,8700,30528988
8/8/2021,470765,7496,25751601
8/9/2021,612722,8798,31736524
8/10/2021,645591,11528,37252935
8/11/2021,730735,10523,36121850
8/12/2021,705641,10513,31523575
8/13/2021,801886,10471,32378170
8/14/2021,558431,8743,30319299
8/15/2021,471327,7451,16816308
8/16/2021,653936,9844,28402273
8/17/2021,682531,10707,36432824
8/18/2021,735680,10820,36644312
8/19/2021,711577,11453,35212725
8/20/2021,785307,10500,34571155
8/21/2021,567010,8937,29000822
8/22/2021,455037,7783,23955888
8/23/2021,668914,10034,32141974
8/24/2021,676685,11023,38232345
8/25/2021,737415,11316,38559844
8/26/2021,736365,11595,37589732
8/27/2021,751089,10411,43817781
8/28/2021,567464,8455,36025253
8/29/2021,455154,6836,27413060
8/30/2021,653107,9535,31560059
8/31/2021,620499,9598,33078162
9/1/2021,719258,12422,43164710
9/2/2021,678318,11207,32062524
9/3/2021,723653,10726,28415345
9/4/2021,507417,7790,21254943
9/5/2021,457317,6600,21261059
9/6/2021,456405,8112,23708196
9/7/2021,656399,10469,33395009
9/8/2021,637802,10097,34895113
9/9/2021,640066,10750,33847200
9/10/2021,658812,9185,28169920
9/11/2021,479566,8415,30009109
9/12/2021,378660,5672,20910855
9/13/2021,559350,9108,29922536
9/14/2021,549732,9910,21917804
9/15/2021,568193,10433,28883410
9/16/2021,587284,10520,29820944
9/17/2021,623268,9053,26467590
9/18/2021,407791,6553,33913133
9/19/2021,370687,6130,20852765
9/20/2021,513962,8301,20980513
9/21/2021,488602,9359,23413953
9/22/2021,535046,9723,24021036
9/23/2021,547560,9848,27625002
9/24/2021,549288,8698,28226748
9/25/2021,381234,5540,17955241
9/26/2021,363536,5559,14675917
9/27/2021,467797,7689,29119250
9/28/2021,450877,9376,23312000
9/29/2021,491067,9295,30192508
9/30/2021,489811,8878,25418769
10/1/2021,522042,8634,20753260
10/2/2021,359091,5982,18366991
10/3/2021,315182,4369,12275706
10/4/2021,432401,7165,16811091
10/5/2021,422747,7372,22969875
10/6/2021,507120,9135,21281388
10/7/2021,461732,8969,20163407
10/8/2021,475463,7773,23939241
10/9/2021,348978,4887,19765698
10/10/2021,324001,4782,16711215
10/11/2021,371507,5875,15283100
10/12/2021,438105,7978,22165436
10/13/2021,456461,8906,20422890
10/14/2021,454369,8009,20267982
10/15/2021,458030,7206,18791142
10/16/2021,352213,5419,12554259
10/17/2021,321910,4378,13349123
10/18/2021,408131,6508,18456696
10/19/2021,431484,7987,25374165
10/20/2021,476328,8669,26753701
10/21/2021,461934,7760,20779164
10/22/2021,492818,8170,22723925
10/23/2021,385289,5973,16645144
10/24/2021,322867,4663,17004962
10/25/2021,423483,6793,16062642
10/26/2021,426348,7742,24518765
10/27/2021,514001,9144,23455156
10/28/2021,482925,8932,24497055
10/29/2021,494124,7820,28802815
10/30/2021,395992,6091,31338687
10/31/2021,365623,4668,16040253
11/1/2021,419156,6367,19580655
11/2/2021,404290,7057,21822879
11/3/2021,524771,8465,28012548
11/4/2021,517384,7570,27853758
11/5/2021,524230,8585,23237201
11/6/2021,439601,6784,20087212
11/7/2021,364128,4652,19416805
11/8/2021,467401,6644,25358984
11/9/2021,469231,8005,29877528
11/10/2021,573551,8270,32275289
11/11/2021,521029,7674,30223701
11/12/2021,599604,9001,32968337
11/13/2021,440594,6517,27345041
11/14/2021,381548,4781,18329159
11/15/2021,522890,6841,22918342
11/16/2021,506689,7615,27257916
11/17/2021,615165,9160,31030647
11/18/2021,621435,8291,27841563
11/19/2021,614504,7981,25376793
11/20/2021,501698,6276,29124017
11/21/2021,422240,4712,17455835
11/22/2021,597926,7131,24546428
11/23/2021,574877,8026,29352333
11/24/2021,657333,8570,32097903
11/25/2021,597351,7854,27102158
11/26/2021,613385,6895,34774964
11/27/2021,485651,6168,22746544
11/28/2021,433979,5006,28380267
11/29/2021,630656,7521,27844456
11/30/2021,600104,8029,31296928
12/1/2021,702102,9247,36150936
12/2/2021,707300,10107,36811807
12/3/2021,730519,8591,31131539
12/4/2021,536585,5896,32984580
12/5/2021,461484,7512,20769869
12/6/2021,597172,6990,26417327
12/7/2021,638966,7728,30258541
12/8/2021,711133,8299,29752042
12/9/2021,698029,8570,35015932
12/10/2021,693409,8013,28911024
12/11/2021,520398,6345,37809032
12/12/2021,458980,4724,20490770
12/13/2021,607510,6296,25898700
12/14/2021,636493,7739,36799454
12/15/2021,740099,9028,36030919
12/16/2021,743848,7346,33299809
12/17/2021,767429,7300,37246861
12/18/2021,572413,6082,33289219
12/19/2021,514065,4525,21119010
12/20/2021,737791,6690,36624540
12/21/2021,758348,7498,38285999
12/22/2021,914384,10371,32437577
12/23/2021,1011487,7258,33972271
12/24/2021,891139,6063,28160281
12/25/2021,703779,4470,26579608
12/26/2021,585584,3917,16022040
12/27/2021,1273791,6354,26520815
12/28/2021,1335893,7684,37454160
12/29/2021,1704484,7952,38517095
12/30/2021,1948717,7424,28395203
12/31/2021,1743361,6097,29254503
1/1/2022,1228725,4455,13221942
1/2/2022,930539,3398,11904031
1/3/2022,2356724,5881,25118717
1/4/2022,2513500,8116,28253431
1/5/2022,2583777,7776,30859046
1/6/2022,2667373,7067,31472617
1/7/2022,2953338,7255,33868274
1/8/2022,2190781,5474,16465010
1/9/2022,2040984,4134,21211577
1/10/2022,3159431,6572,25743830
1/11/2022,3028894,9106,34884237
1/12/2022,3446711,9023,27155366
1/13/2022,3185554,8229,28949842
1/14/2022,3316598,7967,21005444
1/15/2022,2505217,6364,23980976
1/16/2022,2187079,4556,19323359
1/17/2022,2644921,6224,26278296
1/18/2022,3763408,9105,18992257
1/19/2022,4081968,9931,35504011
1/20/2022,3728590,9640,26082621
1/21/2022,3822911,9966,24110928
1/22/2022,2780054,6200,18163634
1/23/2022,2465311,5217,12356152
1/24/2022,3410011,8682,17997717
1/25/2022,3650463,10710,22772576
1/26/2022,3759228,10716,22607113
1/27/2022,3698904,10301,20344133
1/28/2022,3657861,12347,20687240
1/29/2022,2743272,8072,15350414
1/30/2022,2291883,5606,13194245
1/31/2022,2729458,10198,15539612
2/1/2022,3124158,12481,15085617
2/2/2022,3175047,11887,17092579
2/3/2022,3185845,11637,16217052
2/4/2022,2948921,13163,17791795
2/5/2022,2315452,8383,13959477
2/6/2022,1891432,6015,9104680
2/7/2022,2622118,10910,15079818
2/8/2022,2599298,12795,23527096
2/9/2022,2427487,13128,27024510
2/10/2022,2807209,11877,20522207
2/11/2022,2415929,11981,26485621
2/12/2022,1930323,8844,15708872
2/13/2022,1528846,5329,15230412
2/14/2022,1707029,10978,17962819
2/15/2022,1872444,10653,19554922
2/16/2022,2237133,13109,19281412
2/17/2022,2059117,12212,23498001
2/18/2022,1980325,10639,21218834
2/19/2022,1663473,8566,19711598
2/20/2022,1310209,5449,10796779
2/21/2022,1398375,7278,16913620
2/22/2022,1670072,10052,18606387
2/23/2022,1914398,11987,15627599
2/24/2022,1785657,10807,18244196
2/25/2022,1652220,9066,18254114
2/26/2022,1447974,6789,13942989
2/27/2022,1159107,4757,8555480
2/28/2022,1325089,7373,15678651
3/1/2022,1598070,8475,12201245
3/2/2022,1656303,8173,15729528
3/3/2022,1770981,8174,13874063
3/4/2022,1760612,8716,14738218
3/5/2022,1480888,5896,12476427
3/6/2022,1225788,4278,7461365
3/7/2022,1431800,7374,12274268
3/8/2022,1738546,7211,13149330
3/9/2022,1830036,7872,15230006
3/10/2022,1869437,7535,15561235
3/11/2022,1870798,6567,13621273
3/12/2022,1797743,4979,10082028
3/13/2022,1282568,3599,7493901
3/14/2022,1612950,5315,10968946
3/15/2022,1806500,5618,11588140
3/16/2022,2234337,6889,12188596
3/17/2022,2075918,6742,12349261
3/18/2022,1889817,5525,11047642
3/19/2022,1737949,4075,8753024
3/20/2022,1091830,3371,8032390
3/21/2022,1487589,4648,11736319
3/22/2022,1974363,5075,15302504
3/23/2022,1801557,5981,15604899
3/24/2022,1779482,5293,13545693
3/25/2022,1757889,8952,10167357
3/26/2022,1376426,3097,11556435
3/27/2022,960575,2683,8469377
3/28/2022,1479763,3952,16638951
3/29/2022,1749709,4937,18003049
3/30/2022,1594233,4928,17462682
3/31/2022,1814221,4811,12861813
4/1/2022,1164967,4215,7655766
4/2/2022,1067949,2864,4968689
4/3/2022,807834,1958,3601744
4/4/2022,921536,3027,5308522
4/5/2022,1364709,4165,9768032
4/6/2022,1418956,4478,9740384
4/7/2022,1250615,4304,9561987
4/8/2022,1148723,3926,9468979
4/9/2022,796929,2356,7938049
4/10/2022,592012,1784,5109277
4/11/2022,949629,2793,8237459
4/12/2022,1094212,3343,9335849
4/13/2022,1058304,4030,8404107
4/14/2022,956748,3464,8644812
4/15/2022,704324,2501,5301671
4/16/2022,593400,1623,4129139
4/17/2022,428017,1545,2804176
4/18/2022,479647,1586,6357315
4/19/2022,939532,3077,10704217
4/20/2022,948611,4169,7557441
4/21/2022,896325,3083,9748959
4/22/2022,804621,2704,8511129
4/23/2022,517117,1611,4798025
4/24/2022,385256,1172,3726495
4/25/2022,579845,2180,7279970
4/26/2022,642132,3970,8879739
4/27/2022,813240,3393,10469909
4/28/2022,730588,2958,8749333
4/29/2022,629763,2498,9472256
4/30/2022,364764,1457,5495710
5/1/2022,313308,1205,4015591
5/2/2022,457821,1813,3900330
5/3/2022,665828,2205,5107945
5/4/2022,616454,3675,4614503
5/5/2022,588184,2270,5338699
5/6/2022,617656,2123,6601170
5/7/2022,347274,1139,5222394
5/8/2022,282135,846,3715393
5/9/2022,713932,1908,4777823
5/10/2022,630726,2009,5969675
5/11/2022,686324,2201,7496615
5/12/2022,632689,1951,6699804
5/13/2022,565708,1867,5982792
5/14/2022,444509,966,4931190
5/15/2022,375824,777,3534837
5/16/2022,607077,1673,4078906
5/17/2022,594492,1786,5000531
5/18/2022,746966,2372,5601045
5/19/2022,587674,1696,6017861
5/20/2022,619305,1983,5987520
5/21/2022,370934,1077,4661415
5/22/2022,329364,688,3204490
5/23/2022,538664,1601,4068578
5/24/2022,579235,1655,4853042
5/25/2022,634251,2600,5164980
5/26/2022,508821,1510,5239065
5/27/2022,568025,1916,7187093
5/28/2022,288172,754,4567688
5/29/2022,277370,619,3071603
5/30/2022,406182,1245,3162139
5/31/2022,618514,1477,4817183
6/1/2022,692013,2064,5291320
6/2/2022,524551,1634,3236455
6/3/2022,541955,1539,4014708
6/4/2022,252962,663,3896087
6/5/2022,266191,813,2255096
6/6/2022,436576,972,3301191
6/7/2022,650261,2078,5337354
6/8/2022,699709,2537,5779379
6/9/2022,564957,1548,6174184
6/10/2022,543754,1681,4621397
6/11/2022,283588,914,4253128
6/12/2022,203488,574,3302363
6/13/2022,563118,1737,4700557
6/14/2022,843479,1822,4971230
6/15/2022,718780,1971,4975359
6/16/2022,521414,1435,5467145
6/17/2022,585104,1300,5416020
6/18/2022,228488,643,4716403
6/19/2022,275201,680,3107138
6/20/2022,790388,1666,3502957
6/21/2022,812256,1633,4842906
6/22/2022,805693,2033,5620694
6/23/2022,771988,1793,5592727
6/24/2022,758251,1780,6149860
6/25/2022,316716,783,4629056
6/26/2022,287196,660,3528376
6/27/2022,924831,1500,4913959
6/28/2022,933304,1991,5423584
6/29/2022,930235,1757,4530349
6/30/2022,1057966,1644,5517329
7/1/2022,935150,1892,4670034
7/2/2022,358842,822,3451966
7/3/2022,360520,738,2813493
7/4/2022,898337,1145,3818430
7/5/2022,1187646,2228,4806709
7/6/2022,1230197,2339,4366606
7/7/2022,1035229,2710,3711659
7/8/2022,982735,2307,4461444
7/9/2022,502950,991,2184098
7/10/2022,426124,853,1030135
7/11/2022,1108812,1847,4453640
7/12/2022,1195266,2384,3660852
7/13/2022,1450381,2666,4590137
7/14/2022,958975,2025,6862145
7/15/2022,1013913,2345,6174530
7/16/2022,551978,1065,2551807
7/17/2022,459210,986,1441349
7/18/2022,1235865,2052,2124096
7/19/2022,1524973,3107,5586940
7/20/2022,1597442,2945,6265479
7/21/2022,1123941,2469,6769234
7/22/2022,1077818,2895,7898640
7/23/2022,636551,1255,6457454
7/24/2022,549869,1030,4356535
7/25/2022,1026837,2021,4801587
7/26/2022,1173437,2907,6908978
7/27/2022,1407821,3347,6901846
7/28/2022,1095425,2731,7722097
7/29/2022,1355273,3002,7465755
7/30/2022,575012,1074,6260069
7/31/2022,545170,921,4206277
8/1/2022,909315,2487,3215714
8/2/2022,1175601,2916,5418349
8/3/2022,1141202,3171,2676261
8/4/2022,1044630,3103,2727863
8/5/2022,889209,2949,6640056
8/6/2022,1023096,1699,5348355
8/7/2022,497565,939,3948907
8/8/2022,845710,2337,5309232
8/9/2022,1034321,3598,5295438
8/10/2022,1011952,2668,3820415
8/11/2022,994294,3194,4396281
8/12/2022,748154,2826,4268472
8/13/2022,635536,1441,3659915
8/14/2022,460675,993,3197598
8/15/2022,873399,2405,3595646
8/16/2022,1085896,3479,2508827
8/17/2022,980651,3264,4939775
8/18/2022,931761,2932,5580359
8/19/2022,790355,2692,5203718
8/20/2022,573415,1159,3354231
8/21/2022,484315,1719,3746115
8/22/2022,735196,1639,5012266
8/23/2022,882200,2930,5060281
8/24/2022,830684,3045,4687228
8/25/2022,900499,3012,4512876
8/26/2022,697406,2572,5170121
8/27/2022,451818,1177,3948927
8/28/2022,405976,1021,3243241
8/29/2022,598459,2038,5114716
8/30/2022,693648,2392,4927276
8/31/2022,791548,3490,4576574
9/1/2022,672217,2571,2939539
9/2/2022,652293,2717,3890914
9/3/2022,375760,1043,3825185
9/4/2022,370169,1109,2681425
9/5/2022,478022,1424,3880246
9/6/2022,670880,2336,3239843
9/7/2022,609449,2204,3519241
9/8/2022,576761,2216,5184242
9/9/2022,519004,2300,4716258
9/10/2022,312074,897,3398322
9/11/2022,314022,784,2582874
9/12/2022,510019,1541,4333877
9/13/2022,544812,1991,4519481
9/14/2022,703502,2537,4187833
9/15/2022,602002,2432,5001365
9/16/2022,452330,2005,4029355
9/17/2022,293851,823,3981101
9/18/2022,254318,583,2528092
9/19/2022,440497,1447,2500356
9/20/2022,548495,1762,3604181
9/21/2022,516971,2099,3517520
9/22/2022,612008,2154,3910560
9/23/2022,512704,1851,3517168
9/24/2022,263805,800,3183364
9/25/2022,222673,507,2374659
9/26/2022,465068,1405,3240833
9/27/2022,604006,1613,3348870
9/28/2022,531367,2329,3622931
9/29/2022,661467,2297,4611159
9/30/2022,448109,1444,5726319
10/1/2022,239344,668,2833209
10/2/2022,200426,561,1142896
10/3/2022,319561,1362,1753316
10/4/2022,657668,1612,2410706
10/5/2022,580028,2196,2344961
10/6/2022,680643,1983,2217778
10/7/2022,521450,1804,2445075
10/8/2022,217817,705,2163781
10/9/2022,218606,627,1035308
10/10/2022,503673,1369,1969782
10/11/2022,652854,1918,2379619
10/12/2022,558481,1876,2948552
10/13/2022,630455,2159,2444736
10/14/2022,453694,1633,2390004
10/15/2022,216312,771,2445454
10/16/2022,191908,541,1123784
10/17/2022,534811,1802,1964815
10/18/2022,608228,1874,2521414
10/19/2022,514178,2260,2567954
10/20/2022,569668,2099,2765737
10/21/2022,412074,2015,2766887
10/22/2022,181730,602,2041925
10/23/2022,160574,573,937342
10/24/2022,427296,1449,1771830
10/25/2022,573963,2110,1944473
10/26/2022,450091,2468,2109351
10/27/2022,460069,2021,2242889
10/28/2022,349138,1412,2324512
10/29/2022,198907,572,1779840
10/30/2022,167103,502,817639
10/31/2022,300940,1117,1346877
11/1/2022,382156,2676,2536916
11/2/2022,396206,1714,1860940
11/3/2022,471209,2155,1876386
11/4/2022,425679,1861,2197680
11/5/2022,200530,530,1656742
11/6/2022,186353,483,737198
11/7/2022,327794,1127,1484005
11/8/2022,436725,1183,1579367
11/9/2022,424187,2050,2665709
11/10/2022,454972,2005,1810606
11/11/2022,482434,1590,1659173
11/12/2022,241813,474,1289729
11/13/2022,182901,437,577902
11/14/2022,364849,1281,788396
11/15/2022,493099,1415,932978
11/16/2022,479201,2216,752088
11/17/2022,472716,2593,797085
11/18/2022,627045,2307,556706
11/19/2022,246330,423,142226
11/20/2022,221701,509,797743
11/21/2022,355944,1037,NULL
